{"cameraMode":{"drawMode":0,"name":"Shaded","section":"Shading Mode"},"sceneLighting":false,"audioPlay":false,"sceneViewState":{"m_AlwaysRefresh":false,"showFog":true,"showSkybox":true,"showFlares":true,"showImageEffects":true,"showParticleSystems":true,"showVisualEffectGraphs":true,"m_FxEnabled":false},"in2DMode":false,"pivot":{"x":0.24732530117034913,"y":1.508100152015686,"z":1.323947787284851},"rotation":{"x":-0.020014990121126176,"y":-0.9057722687721252,"z":-0.043269481509923938,"w":0.4212203323841095},"size":1.062320590019226,"orthographic":false}